ethnicity,cla,pop,percentage
White,124,31643,0.39187182
Black,231,13377,1.726844584
