ethnicity,gld,pop,percentage,not_gld
black,678,1005,67.46268657,327
white,871,1117,77.97672337,246
