ethnicity,homeless,pop,percentage,not_homeless
white,671,177400,0.378241263,176729
black,1552,54600,2.842490842,53048
