ethnicity,numerator,denominator,percentage,not_employed
white,134500,164500,81.76291793,30000
black,24300,34000,71.47058824,9700
